<?xml version="1.0" encoding="UTF-8" ?>
<config>

<indexDefaults>
    <lockType>simple</lockType>
    <useCompoundFile>true</useCompoundFile>
    <mergeFactor>10</mergeFactor>
    <ramBufferSizeMB>32</ramBufferSizeMB>
    <!-- <maxMergeDocs>2147483647</maxMergeDocs> -->
    <maxFieldLength>10000</maxFieldLength>
    <writeLockTimeout>1000</writeLockTimeout>
    <commitLockTimeout>10000</commitLockTimeout>
  </indexDefaults>

  <mainIndex>
    <useCompoundFile>true</useCompoundFile>
    <ramBufferSizeMB>32</ramBufferSizeMB>
    <mergeFactor>10</mergeFactor>
    <unlockOnStartup>false</unlockOnStartup>
    <reopenReaders>true</reopenReaders>
    <deletionPolicy class="solr.SolrDeletionPolicy">
      <!-- The number of commit points to be kept -->
      <str name="maxCommitsToKeep">1</str>
      <!-- The number of optimized commit points to be kept -->
      <str name="maxOptimizedCommitsToKeep">0</str>
    </deletionPolicy>
  </mainIndex>

  <updateHandler class="solr.DirectUpdateHandler2" />
  <requestDispatcher handleSelect="true" >
    <requestParsers enableRemoteStreaming="false" multipartUploadLimitInKB="2048" />
  </requestDispatcher>

 <requestHandler name="standard" class="solr.SearchHandler" default="true">
    <!-- default values for query parameters -->
     <lst name="defaults">
       <str name="echoParams">explicit</str>
       <!--
       <int name="rows">10</int>
       <str name="fl">*</str>
       <str name="version">2.1</str>
        -->
     </lst>
    <arr name="components">
      <str>query</str>
      <str>stats</str>
      <str>debug</str>
    </arr>
  </requestHandler>

  <requestHandler name="/update" class="solr.XmlUpdateRequestHandler" />
  <requestHandler name="/admin/" class="org.apache.solr.handler.admin.AdminHandlers" />

  <admin>
    <defaultQuery>solr</defaultQuery>
  </admin>
</config>
